ZIP Code,Postal City 1,Location
90713,Lakewood,"33.84871142900005, -118.11357922799999"
91306,Winnetka,"34.208404020000046, -118.57593995299999"
90002,Los Angeles,"33.94895070600006, -118.24697958699994"
90506,Torrance,"33.88535286100006, -118.32659746799999"
90069,West Hollywood,"34.08940300900008, -118.37978902499998"
91361,Westlake Village,"34.15138016700007, -118.83569741699995"
90064,Los Angeles,"34.03541197100003, -118.43217675599999"
91308,West Hills,"34.20049176500004, -118.62922710099997"
91702,Azusa,"34.12712200200008, -117.90620949499998"
91104,Pasadena,"34.16700046200003, -118.12758752599996"
93535,Lancaster,"34.688761758000055, -118.05928838399996"
91345,San Fernando,"34.26212132300003, -118.46175755399997"
91803,Alhambra,"34.07533388100006, -118.14430710699997"
91791,West Covina,"34.06466254800006, -117.89769762999998"
90006,Los Angeles,"34.05010243400005, -118.29268904499997"
90018,Los Angeles,"34.030771505000075, -118.31686899999994"
90822,Long Beach,"33.79831371000006, -118.15136774099994"
90840,Long Beach,"33.77534166600003, -118.11346625799996"
90220,Compton,"33.885730876000025, -118.23452680099996"
91346,Mission Hills,"34.26784369500007, -118.46718880999998"
91210,Glendale,"34.14431084300003, -118.25610844299996"
90037,Los Angeles,"34.00349356000004, -118.28709702299994"
91356,Tarzana,"34.16990292600008, -118.54048905299999"
91724,Covina,"34.09123225600007, -117.85833622499996"
90035,Los Angeles,"34.054282330000035, -118.38385594999994"
91202,Glendale,"34.163611358000026, -118.26495921899999"
91733,South El Monte,"34.05510353600005, -118.046996364"
90620,Buena Park,"33.842780497000035, -118.01234928999997"
90638,La Mirada,"33.90267205300006, -118.00708748799997"
90045,Los Angeles,"33.961520807000056, -118.39344972199996"
90602,Whittier,"33.97114064900006, -118.03505628799996"
93552,Palmdale,"34.56282177300005, -118.03543864899996"
90401,Santa Monica,"34.01760179300004, -118.49296772799994"
93553,Pearblossom,"34.470473026000036, -117.89937914699999"
91344,Granada Hills,"34.27480004900008, -118.50113633799998"
90033,Los Angeles,"34.048564302000045, -118.21151999699998"
90717,Lomita,"33.79380359500004, -118.31735998599999"
90278,Redondo Beach,"33.87141408300005, -118.37072968799998"
90501,Torrance,"33.82909372900008, -118.31420985699998"
90802,Long Beach,"33.76935424900006, -118.184528823"
91008,Duarte,"34.148373424000056, -117.96596635599997"
90304,Inglewood,"33.939383004000035, -118.35812917199996"
90660,Pico Rivera,"33.991331890000026, -118.09123720999997"
90720,Los Alamitos,"33.79895242600003, -118.06819998999998"
90245,El Segundo,"33.92015201000004, -118.40580691799994"
91030,South Pasadena,"34.11205352300004, -118.15473946499998"
90031,Los Angeles,"34.077523764000034, -118.21310592399999"
90089,Los Angeles,"34.02032176700004, -118.28529818999999"
91606,North Hollywood,"34.186731132000034, -118.38680620899999"
90732,San Pedro,"33.73946061100003, -118.31340603099994"
91204,Glendale,"34.13669404900003, -118.25949754799996"
91208,Glendale,"34.19002030100006, -118.22716636199999"
90301,Inglewood,"33.956363286000055, -118.35484869299995"
91766,Pomona,"34.044180192000056, -117.75239630099998"
90066,Los Angeles,"34.00215095400006, -118.42903966199998"
91316,Encino,"34.16673107200006, -118.51629606299997"
91101,Pasadena,"34.145210260000056, -118.13830665399996"
90061,Los Angeles,"33.923032748000026, -118.27377958099999"
93523,Edwards,"35.02872367800006, -117.89962681199995"
91125,Pasadena,"34.13591194800006, -118.12575827799998"
91773,San Dimas,"34.10316364100004, -117.81483837499997"
91762,Ontario,"34.05779309400003, -117.66328892799999"
90046,Los Angeles,"34.097150154000076, -118.35826821299997"
90292,Marina Del Rey,"33.98163383800005, -118.45110794499999"
91362,Westlake Village,"34.181860381000035, -118.82387900199996"
93532,Lake Hughes,"34.679133225000044, -118.44771884099998"
90014,Los Angeles,"34.04475373200006, -118.25273671899998"
91224,La Crescenta,"34.23131088900004, -118.25147666699996"
91355,Valencia,"34.41829385500006, -118.56477763399994"
90291,Venice,"33.99258325100004, -118.46637629399999"
93586,Lancaster,"34.687571226000045, -118.14827844199999"
90036,Los Angeles,"34.06892065300008, -118.35080783799998"
90610,Whittier,"33.96546172700005, -118.06968598199995"
90716,Hawaiian Gardens,"33.831370512000035, -118.07144570999998"
90071,Los Angeles,"34.05194037200005, -118.25408801599997"
90275,Rancho Palos Verdes,"33.76310178600005, -118.36665841799999"
91325,Northridge,"34.235881834000054, -118.52105818899997"
90808,Long Beach,"33.82496162900003, -118.11531722999996"
91334,Pacoima,"34.24160420700008, -118.42561579799997"
91754,Monterey Park,"34.053161318000036, -118.13884977999999"
90020,Los Angeles,"34.06636144500004, -118.30164844599994"
90249,Gardena,"33.90050389500004, -118.319137093"
90010,Los Angeles,"34.06139075900006, -118.30969974099997"
90009,Los Angeles,"33.954881639000064, -118.38576775199999"
91763,Montclair,"34.07173187200004, -117.69951758399998"
91789,Walnut,"34.01633305100006, -117.85816676999997"
90749,Carson,"33.843853713000044, -118.26332984199996"
90723,Paramount,"33.89537244300004, -118.16535865799995"
91605,North Hollywood,"34.20546245100007, -118.40193986299994"
91010,Duarte,"34.13772381500007, -117.96655727699999"
91732,El Monte,"34.070680380000056, -118.01605992399999"
93550,Palmdale,"34.56908292600008, -118.09611665099999"
91106,Pasadena,"34.14286395700003, -118.12849997699999"
92821,Brea,"33.922841568000024, -117.89508628099998"
91350,Santa Clarita,"34.447770373000026, -118.51963737199998"
92833,Fullerton,"33.87015403100003, -117.96300740699996"
90091,Los Angeles,"33.999270215000024, -118.15666864699995"
91201,Glendale,"34.16917296500003, -118.291815698"
91755,Monterey Park,"34.057562809000046, -118.11668590699998"
90063,Los Angeles,"34.044884083000056, -118.18593660399995"
91416,Encino,"34.176111939000066, -118.51873795599994"
90034,Los Angeles,"34.028290507000065, -118.40269589399998"
90021,Los Angeles,"34.030124099000034, -118.24177861499999"
91722,Covina,"34.09580320200007, -117.90580975499995"
90280,South Gate,"33.94496199100007, -118.19748997399995"
91108,San Marino,"34.120982509000044, -118.11313603699995"
91011,La Canada Flintridge,"34.20779137400007, -118.20292992099996"
90806,Long Beach,"33.80148122000003, -118.18919970399998"
90650,Norwalk,"33.90621323200003, -118.08194758799999"
91311,Chatsworth,"34.25282301100003, -118.59502756199998"
91382,Santa Clarita,"34.46564138000008, -118.47090813499995"
91523,Burbank,"34.156433409000044, -118.33329746599998"
90248,Gardena,"33.875441903000024, -118.28237834699996"
90250,Hawthorne,"33.914151557000025, -118.34715803399996"
90846,Long Beach,"33.81634113800004, -118.15870645499996"
90222,Compton,"33.912031194000065, -118.23502647699996"
91301,Agoura Hills,"34.14345053200003, -118.76011604599995"
92372,Pinon Hills,"34.420270833000075, -117.61755774499994"
91342,Sylmar,"34.30514122200003, -118.43521825999994"
90604,Whittier,"33.92973274700006, -118.01361803099996"
91320,Newbury Park,"34.18136070500003, -118.93538922299996"
91390,Santa Clarita,"34.50319091800003, -118.433428118"
93225,Frazier Park,"34.825612051000064, -119.05074911899999"
91412,Panorama City,"34.224762965000025, -118.44714964499997"
90056,Los Angeles,"33.986513279000064, -118.36959998699996"
91310,Castaic,"34.47299313000008, -118.63613565899999"
91020,Montrose,"34.209963877000064, -118.23087699599995"
90261,Lawndale,"33.89567224900003, -118.37869842799995"
91046,Verdugo City,"34.211302138000065, -118.23859807099996"
91384,Castaic,"34.47299313000008, -118.63613565899999"
90731,San Pedro,"33.732721507000065, -118.29229799399997"
90001,Los Angeles,"33.973274047000075, -118.24896959899996"
90260,Lawndale,"33.88913301500003, -118.35229817499999"
91614,Studio City,"34.14228172600008, -118.39481839899997"
91711,Claremont,"34.10821253800003, -117.71909617899996"
90242,Downey,"33.922033397000064, -118.14007941599999"
90221,Compton,"33.895602729000075, -118.20563685899998"
91012,La Canada Flintridge,"34.20056128500005, -118.19162856199995"
90029,Los Angeles,"34.08989399500007, -118.29490934199998"
91723,Covina,"34.08496241300003, -117.88642668499995"
91387,Canyon Country,"34.41924106600004, -118.43515742999995"
90503,Torrance,"33.83995189800004, -118.35390582699995"
91103,Pasadena,"34.16372432800006, -118.15519569099996"
90266,Manhattan Beach,"33.89004112200007, -118.40324770999996"
91206,Glendale,"34.15379164500007, -118.23720766899999"
91381,Stevenson Ranch,"34.38906065800006, -118.58203599599995"
90804,Long Beach,"33.78173317000005, -118.15235840199995"
91801,Alhambra,"34.093891400000075, -118.12939939299997"
90746,Carson,"33.85888308700004, -118.26100960899998"
90623,La Palma,"33.849641260000055, -118.03998786999995"
91411,Van Nuys,"34.179331588000025, -118.45792960399996"
91322,Newhall,"34.379271361000065, -118.54771914199995"
91784,Upland,"34.13610312800006, -117.65778815099998"
90042,Los Angeles,"34.11332226400003, -118.19142869099994"
91023,Mt Wilson,"34.30679232400007, -118.023637614"
93560,Rosamond,"34.86017222500004, -118.21146785699995"
90095,Los Angeles,"34.05773226400004, -118.44782746599998"
92886,Yorba Linda,"33.890032432000055, -117.80659589899994"
91343,North Hills,"34.235512509000046, -118.47526617599999"
91007,Arcadia,"34.12778244300006, -118.05313585599998"
91001,Altadena,"34.19036355700007, -118.13896709499994"
91016,Monrovia,"34.14363302300006, -118.00389825399998"
90747,Carson,"33.86715163300005, -118.25865896199997"
91768,Pomona,"34.06396300200004, -117.77899642399996"
90241,Downey,"33.94049098000005, -118.13166748599997"
90094,Playa Vista,"33.97293079200006, -118.42532902699998"
90025,Los Angeles,"34.045183888000054, -118.45025632399995"
90019,Los Angeles,"34.04884238300008, -118.33610868499994"
91522,Burbank,"34.149933281000074, -118.34067962999995"
90703,Cerritos,"33.86693003700003, -118.06904726699997"
90003,Los Angeles,"33.963350054000045, -118.27393600099998"
90706,Bellflower,"33.88544410600008, -118.12830879699999"
91393,North Hills,"34.235612444000026, -118.47239847199995"
91024,Sierra Madre,"34.16488010000006, -118.05242761999995"
90240,Downey,"33.95620252000003, -118.11982734599997"
90403,Santa Monica,"34.02842085700007, -118.49353692399995"
90023,Los Angeles,"34.02418013100004, -118.20195663999999"
92648,Huntington Beach,"33.67566289500007, -117.99972704899994"
90640,Montebello,"34.01403019900005, -118.11318817699998"
90815,Long Beach,"33.79356027400007, -118.12236917399997"
91386,Canyon Country,"34.41635163800004, -118.45303712799995"
90057,Los Angeles,"34.06211202900005, -118.27713826999997"
90038,Los Angeles,"34.088981543000045, -118.32483773999996"
91748,Rowland Heights,"33.98518370700003, -117.90124749899996"
90004,Los Angeles,"34.075720587000035, -118.30301712299996"
90606,Whittier,"33.976393761000054, -118.06602748799997"
90631,La Habra,"33.93180096900005, -117.95265760399997"
91770,Rosemead,"34.06563148400005, -118.08368993499994"
90704,Avalon,"33.34416070100008, -118.32659746799999"
90043,Los Angeles,"33.986730529000056, -118.33290641499997"
91608,Universal City,"34.13678094900007, -118.35550913399999"
91746,La Puente,"34.04617020400008, -117.98488885499995"
91406,Van Nuys,"34.19981394400003, -118.48688906499996"
92649,Huntington Beach,"33.72098130300003, -118.04372891899999"
90810,Long Beach,"33.813560335000034, -118.21653847799996"
90295,Marina Del Rey,"33.988120931000026, -118.46967849899994"
91765,Diamond Bar,"34.001864183000066, -117.81637650699997"
91790,West Covina,"34.066643870000064, -117.93768905999997"
90041,Los Angeles,"34.13538185700003, -118.20684911599994"
90005,Los Angeles,"34.05907052600003, -118.30301712299996"
93563,Valyermo,"34.41615176800008, -117.78187716299999"
90302,Inglewood,"33.97375199800007, -118.35768598199996"
90701,Artesia,"33.86631304700006, -118.08104817199995"
92397,Wrightwood,"34.38294289100003, -117.60781624299995"
90202,Bell,"33.96823384100003, -118.15010768899998"
91780,Temple City,"34.10165157900008, -118.05552995399995"
90405,Santa Monica,"34.01013272900008, -118.47267655199994"
91372,Calabasas,"34.15413055600004, -118.64236639699999"
91126,Pasadena,"34.13591194800006, -118.12575827799998"
90303,Inglewood,"33.93778404200003, -118.33125965799996"
90807,Long Beach,"33.83250021400005, -118.181317864"
91205,Glendale,"34.13853198600003, -118.24386856299998"
91423,Sherman Oaks,"34.15306168500007, -118.43295885699996"
90293,Playa Del Rey,"33.95744084700004, -118.43916786999995"
91351,Canyon Country,"34.42298211600007, -118.47143822599998"
90232,Culver City,"34.01970043100005, -118.39595678999996"
90277,Redondo Beach,"33.83272180900008, -118.38547663699995"
91401,Van Nuys,"34.181152145000055, -118.43482720999998"
91750,La Verne,"34.11586409200004, -117.77047586899994"
91602,North Hollywood,"34.15134106200003, -118.36907858599994"
91331,Pacoima,"34.25726360600004, -118.41981956099994"
91340,San Fernando,"34.28619265300006, -118.43744724799996"
91335,Reseda,"34.200183269000036, -118.54031959799994"
91321,Newhall,"34.385523824000074, -118.51401927999996"
91618,North Hollywood,"34.182320952000055, -118.38523766199995"
91396,Winnetka,"34.20932081600006, -118.57097795699997"
90744,Wilmington,"33.783723182000074, -118.26266940199997"
90670,Santa Fe Springs,"33.93592003500004, -118.06608831799997"
90039,Los Angeles,"34.11160164200004, -118.26125727499999"
91436,Encino,"34.15384378600004, -118.48733660099998"
92835,Fullerton,"33.90102095100008, -117.91361772999994"
91040,Sunland,"34.25970115500007, -118.32449882999998"
91709,Chino Hills,"33.97585063500003, -117.72535733099994"
91604,Studio City,"34.144462919000034, -118.39427961799998"
91042,Tujunga,"34.25460011800004, -118.28725778799998"
91214,La Crescenta,"34.228573535000066, -118.24694917199997"
93534,Lancaster,"34.68758426100004, -118.14967753399998"
90212,Beverly Hills,"34.063841342000046, -118.40025834599999"
91745,Hacienda Heights,"33.99778422300005, -117.96604891099997"
90745,Carson,"33.82597401600003, -118.26966920499996"
91775,San Gabriel,"34.115651187000026, -118.08573643299997"
90013,Los Angeles,"34.04602247400004, -118.24624962599995"
90814,Long Beach,"33.771431161000066, -118.15235840199995"
91504,Burbank,"34.198254087000066, -118.33049928199995"
91006,Arcadia,"34.13222303800006, -118.02498891099998"
91610,Toluca Lake,"34.15221006300004, -118.35022995199995"
90068,Los Angeles,"34.11525144700005, -118.33141607899995"
91405,Van Nuys,"34.20047004000003, -118.44869646699999"
91731,El Monte,"34.078814231000024, -118.03912755899995"
93243,Lebec,"34.874840963000054, -118.88918877999998"
92301,Adelanto,"34.557681632000026, -117.43825674799996"
92805,Anaheim,"33.83284346900007, -117.90784756199997"
90502,Torrance,"33.83163121300004, -118.29281939499998"
91505,Burbank,"34.167673938000064, -118.34449888999995"
90290,Topanga,"34.10128225400007, -118.60494720999998"
90028,Los Angeles,"34.10072174800007, -118.32821815499994"
91413,Sherman Oaks,"34.16488010000006, -118.45744730799998"
93510,Acton,"34.489013165000074, -118.19703809399999"
90272,Pacific Palisades,"34.04886410800003, -118.53572692699998"
90210,Beverly Hills,"34.08553160900004, -118.40426878599999"
90296,Playa Del Rey,"33.988120931000026, -118.46967849899994"
90067,Los Angeles,"34.05955282100007, -118.41458817399996"
90008,Los Angeles,"34.01097131500006, -118.34158773599995"
90755,Signal Hill,"33.799760597000045, -118.16687940999998"
92823,Brea,"33.92240272300006, -117.83316995299998"
91617,Valley Village,"34.16486271900004, -118.40451645099995"
90255,Huntington Park,"33.97867054400007, -118.21899775099996"
90805,Long Beach,"33.862810972000034, -118.17910625599995"
92832,Fullerton,"33.86714294300003, -117.92859930899999"
90254,Hermosa Beach,"33.86430130900004, -118.39718642699995"
92831,Fullerton,"33.88139021600006, -117.89174931699995"
90044,Los Angeles,"33.953860562000045, -118.29194604899999"
91740,Glendora,"34.11709372900003, -117.85499926099999"
90048,Los Angeles,"34.073161378000066, -118.37406665299994"
90022,Los Angeles,"34.02358052100004, -118.15511747999994"
93544,Llano,"34.494170686000075, -117.79374771799996"
90265,Malibu,"34.035060025000064, -118.76029853699998"
90058,Los Angeles,"34.001842458000056, -118.221126804"
90201,Bell Gardens,"33.969580792000045, -118.17504802099995"
90016,Los Angeles,"34.028881427000044, -118.35308896599997"
91601,North Hollywood,"34.16713081200004, -118.37252852099999"
91776,San Gabriel,"34.08980274900006, -118.09671626199997"
93543,Littlerock,"34.53302372600007, -117.95804975599998"
91326,Porter Ranch,"34.27493039900003, -118.55013930999996"
90065,Los Angeles,"34.10881214900007, -118.22766603699995"
90007,Los Angeles,"34.02833395700003, -118.28507659499996"
90270,Maywood,"33.98850329100003, -118.18894769299999"
91744,La Puente,"34.030754125000044, -117.93966603799998"
90062,Los Angeles,"34.00387157600005, -118.30885680999995"
91402,Panorama City,"34.225753627000074, -118.44892675199998"
91207,Glendale,"34.16381122800004, -118.24788769299994"
91107,Pasadena,"34.150763177000044, -118.09228870099997"
90047,Los Angeles,"33.95687165100003, -118.30907840499998"
90049,Los Angeles,"34.06172097900003, -118.47225943199999"
91506,Burbank,"34.17111083700007, -118.32257833699998"
91502,Burbank,"34.17644215900003, -118.30647574699998"
90803,Long Beach,"33.76151151400006, -118.13748979299999"
90015,Los Angeles,"34.04012195700005, -118.26498963499995"
93551,Palmdale,"34.60587208800007, -118.18323835599995"
90505,Torrance,"33.81145300700007, -118.34787930399995"
91786,Upland,"34.10199049000005, -117.65981726799998"
91302,Calabasas,"34.143272387000025, -118.66282702799998"
90211,Beverly Hills,"34.06566189900008, -118.38146619699995"
90712,Lakewood,"33.84907206500003, -118.14617980399998"
90073,Los Angeles,"34.034690700000056, -118.43711702699994"
91706,Baldwin Park,"34.08512317900005, -117.96798678399995"
91710,Chino,"34.017832078000026, -117.68943717099995"
91385,Valencia,"34.39058141000004, -118.56088885399998"
90059,Los Angeles,"33.92701277300006, -118.24839605899996"
90895,Carson,"33.83926104200003, -118.27444871199998"
90715,Lakewood,"33.839660783000056, -118.07954914499999"
90813,Long Beach,"33.78137253400007, -118.18660573499994"
91327,Northridge,"34.27504336900006, -118.55377607999998"
90263,Malibu,"34.03476022000007, -118.70434790099995"
91352,Sun Valley,"34.22551030600005, -118.37651723599998"
90224,Compton,"33.89040175700006, -118.21614742799994"
90605,Whittier,"33.94588313200006, -118.03256659999994"
90404,Santa Monica,"34.02784297100004, -118.47471870499999"
91118,San Marino,"34.12654411600005, -118.09192806499999"
92801,Anaheim,"33.842193921000046, -117.95265760399997"
91792,West Covina,"34.02193376400004, -117.90013952299995"
91607,Valley Village,"34.16615318600003, -118.399337205"
91303,Canoga Park,"34.19807159700008, -118.59909883199998"
90230,Culver City,"33.99506425000004, -118.39500957899998"
91376,Agoura Hills,"34.14707426700005, -118.75386792799998"
90040,Los Angeles,"33.99649375600006, -118.15148940099999"
91364,Woodland Hills,"34.16201239600008, -118.59846880699996"
91767,Pomona,"34.080760793000024, -117.73770583699996"
91307,West Hills,"34.19781089600008, -118.63800835699999"
91521,Burbank,"34.187313363000044, -118.34905680099996"
91403,Sherman Oaks,"34.15450422600003, -118.45955898099999"
90710,Harbor City,"33.79480294600006, -118.29872860199998"
91380,Santa Clarita,"34.421682960000055, -118.56184909999996"
92683,Westminster,"33.753842579000036, -117.99399598599996"
90621,Buena Park,"33.870371282000065, -117.99698969499997"
90032,Los Angeles,"34.081512479000025, -118.17678602299998"
91330,Northridge,"34.24341172900006, -118.53609625299998"
93536,Lancaster,"34.68816214700007, -118.23417920099996"
90274,Palos Verdes Peninsula,"33.77664082300004, -118.37785984199996"
91354,Valencia,"34.44749229200005, -118.54920947899996"
90017,Los Angeles,"34.05230100700004, -118.26338632699998"
90740,Seal Beach,"33.761194329000034, -118.08841730099999"
91741,Glendora,"34.13905338700005, -117.85502967599996"
91304,Canoga Park,"34.22192133200008, -118.60967892099995"
90504,Torrance,"33.87165305800005, -118.33125965799996"
90026,Los Angeles,"34.07687201300007, -118.26535895999996"
90262,Lynwood,"33.925122696000074, -118.20319931099999"
90077,Los Angeles,"34.104093473000034, -118.45101669999997"
91324,Northridge,"34.23552119900006, -118.54598982999994"
91203,Glendale,"34.15282270900008, -118.26132679499995"
90305,Inglewood,"33.958092598000064, -118.32920881599995"
91501,Burbank,"34.18518431000007, -118.30236971699998"
90603,Whittier,"33.94370194000004, -117.99197990399995"
92647,Huntington Beach,"33.72037300200003, -118.00086978499996"
91495,Sherman Oaks,"34.20122172600003, -118.47497940499994"
91105,Pasadena,"34.13698081900003, -118.159175716"
90027,Los Angeles,"34.10546214900006, -118.29236751399998"
93591,Palmdale,"34.596760611000036, -117.83826664399999"
90024,Los Angeles,"34.06136034300005, -118.44023674099998"
91426,Encino,"34.16012231800005, -118.50103640299994"
90831,Long Beach,"33.76740334100003, -118.19939743199996"
90402,Santa Monica,"34.03254426700005, -118.50584632399995"
90639,La Mirada,"33.90554410100003, -118.01801952199997"
90012,Los Angeles,"34.05948330100006, -118.24204800499996"
91367,Woodland Hills,"34.17858424700006, -118.60957898599997"
90011,Los Angeles,"34.007903741000064, -118.259036977"
90247,Gardena,"33.89189209400007, -118.29849831699994"
90601,Whittier,"33.995472680000034, -118.04046581999995"
90630,Cypress,"33.82014301800007, -118.03980972399995"
91759,Mt Baldy,"34.237141886000074, -117.65801843599996"
